studentId,class
1,10I
2,3U
3,9K
4,1X
5,9C
6,2X
7,7B
8,12F
9,11Z
10,7Y
11,4G
12,5R
13,9Q
14,12O
15,6L
16,5C
17,4V
18,10H
19,11S
20,4X
21,1Q
22,9E
23,10M
24,5C
25,8A
26,11M
27,9D
28,5U
29,4A
30,7N
31,3T
32,11W
33,12O
34,4N
35,11C
36,11U
37,8J
38,5D
39,10N
40,3H
41,7Q
42,1D
43,4V
44,4J
45,6N
46,12W
47,2P
48,5J
49,11S
50,4H
51,9Y
52,5X
53,2L
54,1I
55,5X
56,3V
57,6N
58,2Y
59,3U
60,11T
61,3G
62,11L
63,12E
64,9L
65,12K
66,2M
67,12F
68,2W
69,10U
70,5N
71,2M
72,10B
73,7Y
74,9W
75,10G
76,11R
77,7R
78,12H
79,12H
80,11H
81,12J
82,3U
83,12I
84,8T
85,12G
86,4K
87,12W
88,7U
89,11X
90,10E
91,5B
92,3L
93,1W
94,12C
95,5E
96,7Y
97,11Y
98,2C
99,7M
100,8D
101,8S
102,9A
103,11H
104,10B
105,3D
106,6A
107,2B
108,7O
109,9E
110,7E
111,9Y
112,10J
113,2V
114,4O
115,11U
116,11Q
117,10C
118,3C
119,8Y
120,12O
121,4X
122,5H
123,6H
124,7R
125,6M
126,6A
127,6N
128,2N
129,2C
130,5P
131,4T
132,2F
133,11M
134,2R
135,6N
136,7P
137,4X
138,5O
139,2K
140,12A
141,8L
142,10J
143,10Q
144,10V
145,1N
146,6M
147,3T
148,11O
149,11E
150,7G
151,11Y
152,7U
153,2N
154,2J
155,8N
156,6S
157,3R
158,2U
159,1Q
160,2X
161,10A
162,3B
163,5M
164,8X
165,11E
166,9Y
167,9P
168,3O
169,6V
170,11D
171,1E
172,9K
173,12G
174,7S
175,9J
176,3P
177,11Q
178,2Q
179,8L
180,10Z
181,9B
182,10U
183,9Y
184,9O
185,11C
186,8B
187,11V
188,5D
189,10G
190,10C
191,11V
192,6F
193,3J
194,10D
195,7N
196,3C
197,10K
198,7G
199,7C
200,3V
201,1H
202,12U
203,4W
204,2B
205,6J
206,6F
207,4F
208,2T
209,12B
210,6H
211,11Y
212,11F
213,6S
214,6O
215,5J
216,10X
217,11B
218,4U
219,11T
220,8N
221,9P
222,8M
223,1P
224,10I
225,3R
226,5B
227,2J
228,10K
229,2W
230,5O
231,4L
232,5J
233,3Z
234,3U
235,9T
236,7H
237,3W
238,3M
239,3A
240,2F
241,12Z
242,6L
243,5D
244,5Y
245,6C
246,2K
247,4O
248,10J
249,6O
250,1T
251,8C
252,3C
253,1N
254,10P
255,10D
256,8B
257,4K
258,11T
259,4R
260,1U
261,2B
262,4T
263,3K
264,6R
265,8J
266,5U
267,3S
268,2S
269,3X
270,1W
271,8Y
272,9P
273,8Z
274,9W
275,6U
276,9R
277,11F
278,2M
279,10W
280,6X
281,1J
282,3T
283,2L
284,1F
285,6P
286,5X
287,3Z
288,1H
289,11N
290,10S
291,5Z
292,2Y
293,4X
294,7O
295,10X
296,6X
297,7D
298,10C
299,4I
300,4M
301,5G
302,3J
303,6O
304,6T
305,1M
306,8L
307,9A
308,6R
309,10H
310,3O
311,3C
312,5A
313,9E
314,8Z
315,5O
316,12Q
317,12C
318,3G
319,9M
320,4B
321,5H
322,2Z
323,7K
324,6G
325,6R
326,4B
327,6G
328,7E
329,8M
330,7N
331,7M
332,9W
333,5P
334,6F
335,12U
336,2V
337,2S
338,6M
339,6U
340,4H
341,11W
342,2K
343,6X
344,6R
345,2H
346,9X
347,3M
348,9M
349,8G
350,2C
351,3H
352,6E
353,12H
354,1F
355,11X
356,1G
357,8W
358,8M
359,4G
360,11L
361,9I
362,4B
363,7T
364,3D
365,7J
366,1C
367,8O
368,12Q
369,3Q
370,7D
371,12U
372,9M
373,10Z
374,6S
375,7E
376,5Z
377,4L
378,4N
379,8S
380,10F
381,8T
382,2K
383,11H
384,11X
385,3K
386,6G
387,5T
388,3K
389,8X
390,8J
391,3W
392,9Y
393,9L
394,5X
395,12L
396,2S
397,1B
398,11S
399,11T
400,5E
401,7L
402,10Z
403,12N
404,12T
405,1C
406,10P
407,12X
408,6V
409,11E
410,4R
411,6H
412,6Y
413,2Y
414,4R
415,11I
416,4T
417,10V
418,4P
419,9H
420,1B
421,6O
422,10X
423,3P
424,9C
425,8C
426,11Y
427,12C
428,6P
429,4U
430,8T
431,7D
432,1G
433,11L
434,12U
435,9M
436,3N
437,6C
438,2V
439,9Z
440,5Z
441,9I
442,6S
443,4C
444,9N
445,12N
446,4U
447,6A
448,11I
449,3D
450,3N
451,4Z
452,2E
453,7F
454,5I
455,8Q
456,1S
457,1T
458,12D
459,7N
460,2J
461,6D
462,8Q
463,8O
464,7P
465,8X
466,12S
467,12T
468,5Q
469,1Y
470,6C
471,4T
472,3M
473,7F
474,4A
475,3U
476,4H
477,2G
478,8H
479,10S
480,4V
481,3Q
482,9Y
483,2S
484,11S
485,4F
486,12U
487,7J
488,4C
489,5P
490,12R
491,4N
492,5B
493,3N
494,9L
495,9H
496,10L
497,2U
498,1T
499,6X
500,12S
501,6F
502,9I
503,4G
504,11G
505,12Y
506,3Y
507,8H
508,12V
509,6K
510,2R
511,12J
512,7K
513,11X
514,1J
515,9T
516,10P
517,10U
518,3N
519,6J
520,2G
521,5I
522,9C
523,12S
524,6D
525,2G
526,9Y
527,10F
528,1B
529,6P
530,3Z
531,5Y
532,3G
533,6I
534,8T
535,10G
536,12C
537,3N
538,5N
539,12U
540,6P
541,4C
542,3Z
543,9Z
544,9T
545,10Q
546,6K
547,4Q
548,11H
549,9R
550,11P
551,12V
552,3F
553,12X
554,1D
555,5F
556,6J
557,10N
558,12T
559,8K
560,2F
561,1Q
562,10W
563,8X
564,2N
565,6S
566,2L
567,3A
568,6H
569,3Y
570,4V
571,7L
572,9V
573,5B
574,7M
575,9D
576,1F
577,1V
578,6C
579,8Q
580,2V
581,6Z
582,4V
583,10Y
584,6S
585,11C
586,10F
587,8L
588,6B
589,12X
590,11T
591,7F
592,9J
593,7Z
594,12L
595,12W
596,12Z
597,3O
598,8T
599,1F
600,5H
601,8F
602,6A
603,6W
604,6Y
605,3R
606,11J
607,9U
608,5J
609,3F
610,7W
611,10E
612,12Y
613,4F
614,10R
615,4R
616,2I
617,8E
618,5C
619,7X
620,6X
621,1S
622,1J
623,1O
624,8D
625,6F
626,5C
627,8K
628,9N
629,12G
630,7S
631,11G
632,2N
633,3D
634,3S
635,5Y
636,5Y
637,5Y
638,5J
639,4C
640,12H
641,11D
642,2W
643,1F
644,11C
645,7R
646,8D
647,3J
648,12B
649,9M
650,5J
651,7U
652,12Q
653,7K
654,10J
655,9C
656,6Y
657,1W
658,11N
659,4F
660,8Q
661,1V
662,4V
663,3S
664,11W
665,5B
666,2H
667,6A
668,4K
669,4L
670,7W
671,9C
672,1U
673,10K
674,11B
675,12C
676,10P
677,6Q
678,10H
679,8R
680,10B
681,7J
682,1R
683,10G
684,4Y
685,10G
686,10D
687,2P
688,10G
689,11W
690,3D
691,4N
692,5R
693,5V
694,9N
695,9N
696,12C
697,4D
698,1V
699,3X
700,6B
701,1G
702,1R
703,6F
704,7E
705,9K
706,3E
707,2N
708,8J
709,5I
710,1D
711,9Y
712,7W
713,2P
714,3X
715,3N
716,12T
717,9C
718,7V
719,4J
720,6Y
721,5F
722,1A
723,8D
724,10N
725,3K
726,7A
727,6C
728,2E
729,7T
730,5N
731,4L
732,10N
733,8Y
734,11Y
735,10F
736,11U
737,7F
738,6V
739,11I
740,10X
741,2H
742,9Y
743,2X
744,8F
745,11Y
746,8N
747,7Y
748,8M
749,11V
750,12D
751,8V
752,11E
753,3T
754,7E
755,3C
756,9Q
757,3N
758,4I
759,7Q
760,9F
761,9Y
762,4S
763,11X
764,3Y
765,12T
766,2I
767,5P
768,9B
769,4B
770,6E
771,7J
772,5H
773,9X
774,2T
775,7C
776,10G
777,9B
778,11U
779,11M
780,1D
781,1S
782,6F
783,6S
784,7N
785,2R
786,2T
787,1B
788,3I
789,4E
790,12O
791,3C
792,9E
793,2T
794,2E
795,12R
796,4Q
797,2G
798,8M
799,6H
800,9E
801,5E
802,12R
803,4E
804,9J
805,3J
806,3L
807,9Y
808,4L
809,6C
810,5J
811,9F
812,5Q
813,11P
814,11N
815,12J
816,5Y
817,11Z
818,7H
819,9K
820,8D
821,3V
822,2K
823,1R
824,7G
825,7S
826,12X
827,5M
828,4D
829,1E
830,5G
831,11X
832,4C
833,10R
834,12L
835,9S
836,7Q
837,2X
838,7Z
839,9Z
840,5F
841,2A
842,7S
843,6T
844,8Q
845,2V
846,7N
847,8A
848,5O
849,8Y
850,11Y
851,2Y
852,2V
853,11K
854,8P
855,9C
856,7E
857,11L
858,6M
859,7P
860,8Y
861,5J
862,8J
863,1D
864,8T
865,7Z
866,6S
867,10F
868,8O
869,7U
870,10U
871,9R
872,9J
873,3D
874,5I
875,6I
876,9C
877,9L
878,6D
879,1P
880,1V
881,12X
882,7Z
883,4K
884,10Y
885,11Z
886,1V
887,1B
888,8X
889,6I
890,3Q
891,2L
892,1Z
893,9N
894,7U
895,12H
896,12U
897,2E
898,8J
899,7T
900,1B
901,8B
902,10P
903,5V
904,11D
905,8D
906,1R
907,11S
908,10H
909,1X
910,7G
911,8M
912,12A
913,5M
914,2V
915,9F
916,10O
917,7E
918,6W
919,7G
920,8E
921,11V
922,5O
923,9K
924,7P
925,2X
926,6S
927,2I
928,11Y
929,6Q
930,8M
931,7R
932,7J
933,9T
934,8Q
935,12F
936,3S
937,1A
938,6U
939,10Y
940,2D
941,3G
942,2P
943,3P
944,10S
945,4S
946,10Y
947,5X
948,11K
949,8K
950,3N
951,11D
952,12O
953,11E
954,6C
955,2E
956,9B
957,8D
958,4H
959,3Q
960,4W
961,12Q
962,11D
963,1P
964,4G
965,1D
966,4D
967,7J
968,7A
969,11S
970,6B
971,9B
972,3B
973,3T
974,1Y
975,7C
976,6E
977,12G
978,12D
979,1Z
980,4T
981,9Q
982,5J
983,10T
984,9L
985,11J
986,6I
987,5C
988,8O
989,12D
990,5U
991,8T
992,12H
993,2J
994,4L
995,7U
996,7H
997,1K
998,10P
999,4P
1000,7N
1001,5P
1002,7F
1003,12A
1004,8H
1005,3O
1006,6V
1007,1K
1008,12G
1009,3C
1010,4W
1011,4O
1012,10O
1013,3W
1014,11X
1015,12L
1016,2Q
1017,9P
1018,6T
1019,5Y
1020,5O
1021,1Y
1022,8D
1023,8K
1024,2U
1025,6U
1026,12J
1027,3J
1028,12G
1029,3G
1030,3X
1031,6D
1032,7X
1033,7S
1034,2G
1035,9V
1036,11P
1037,2U
1038,1R
1039,5K
1040,8J
1041,10J
1042,12Z
1043,3D
1044,4L
1045,7R
1046,8C
1047,8N
1048,9V
1049,6A
1050,4I
1051,3D
1052,6B
1053,6V
1054,10S
1055,9V
1056,9V
1057,4F
1058,10H
1059,8U
1060,4I
1061,1A
1062,10I
1063,9M
1064,2L
1065,11U
1066,2T
1067,12L
1068,12J
1069,5X
1070,4N
1071,6P
1072,11X
1073,2Z
1074,9T
1075,3S
1076,9D
1077,9M
1078,10C
1079,11Y
1080,12C
1081,8R
1082,2R
1083,9T
1084,10H
1085,1K
1086,6G
1087,2K
1088,11P
1089,12J
1090,11M
1091,3P
1092,4D
1093,2O
1094,11B
1095,11P
1096,2A
1097,10J
1098,6O
1099,9J
1100,11O
1101,4A
1102,10Y
1103,6P
1104,7F
1105,10R
1106,7Z
1107,10O
1108,5P
1109,7O
1110,3G
1111,6T
1112,3W
1113,3V
1114,11P
1115,7N
1116,1N
1117,1A
1118,7S
1119,9C
1120,2S
1121,8U
1122,12G
1123,6K
1124,8T
1125,10E
1126,7D
1127,1G
1128,10Y
1129,12M
1130,11Q
1131,3D
1132,8Q
1133,7M
1134,3T
1135,5G
1136,11M
1137,8U
1138,8A
1139,7O
1140,10P
1141,11P
1142,10D
1143,11U
1144,10G
1145,9P
1146,6D
1147,10M
1148,7O
1149,12P
1150,3X
1151,9R
1152,9Q
1153,11K
1154,6A
1155,5X
1156,10I
1157,3X
1158,4W
1159,3Q
1160,3M
1161,5I
1162,3C
1163,2V
1164,10F
1165,4J
1166,12T
1167,1E
1168,5B
1169,4R
1170,10R
1171,4X
1172,1H
1173,1J
1174,8U
1175,4S
1176,6C
1177,3D
1178,10W
1179,6Z
1180,6X
1181,7G
1182,1U
1183,6L
1184,8T
1185,7N
1186,1I
1187,10S
1188,9Y
1189,8D
1190,6B
1191,9O
1192,11G
1193,5R
1194,7H
1195,12Z
1196,12U
1197,8K
1198,7G
1199,4K
1200,8E
1201,6D
1202,3M
1203,10F
1204,10L
1205,2X
1206,3C
1207,2G
1208,7D
1209,6I
1210,2G
1211,4U
1212,4V
1213,11T
1214,2A
1215,6W
1216,9L
1217,5L
1218,6M
1219,9S
1220,4C
1221,1C
1222,3H
1223,1K
1224,1G
1225,12N
1226,3H
1227,10U
1228,2X
1229,9G
1230,8B
1231,2R
1232,11W
1233,6A
1234,1Q
1235,9U
1236,10D
1237,6W
1238,7A
1239,6G
1240,8T
1241,8L
1242,9N
1243,10Q
1244,11X
1245,9W
1246,6Z
1247,3V
1248,1M
1249,3R
1250,12L
1251,3Q
1252,7Q
1253,11Q
1254,2E
1255,6C
1256,3F
1257,12Q
1258,3X
1259,2S
1260,3R
1261,1L
1262,5A
1263,8N
1264,12S
1265,10Q
1266,2T
1267,7U
1268,9I
1269,5R
1270,10Z
1271,10P
1272,2A
1273,11P
1274,6B
1275,12J
1276,5B
1277,12C
1278,12P
1279,12I
1280,10M
1281,5N
1282,9J
1283,2M
1284,5A
1285,7J
1286,5D
1287,8P
1288,2K
1289,12Q
1290,12Q
1291,11P
1292,5A
1293,9T
1294,12A
1295,7S
1296,1G
1297,10T
1298,6E
1299,8K
1300,10Q
1301,5G
1302,12O
1303,2F
1304,7X
1305,7D
1306,10R
1307,4W
1308,10K
1309,5W
1310,1I
1311,9F
1312,2C
1313,11E
1314,1O
1315,3G
1316,11A
1317,10N
1318,9W
1319,3B
1320,6M
1321,9H
1322,3I
1323,6S
1324,8K
1325,4Q
1326,5I
1327,5I
1328,10Q
1329,4H
1330,9Y
1331,8D
1332,10Q
1333,7E
1334,8D
1335,2T
1336,9B
1337,11Y
1338,5O
1339,12U
1340,6M
1341,11N
1342,7J
1343,12Q
1344,1F
1345,10I
1346,6D
1347,6I
1348,6A
1349,1U
1350,5R
1351,7Z
1352,5X
1353,12Q
1354,10L
1355,3D
1356,2G
1357,1Z
1358,9X
1359,5E
1360,3I
1361,7R
1362,1B
1363,11B
1364,8J
1365,2Z
1366,4K
1367,8A
1368,2I
1369,3O
1370,6A
1371,3Z
1372,12X
1373,2S
1374,11Q
1375,5Y
1376,9J
1377,4F
1378,3O
1379,12E
1380,2Y
1381,1V
1382,4X
1383,11U
1384,11O
1385,3S
1386,4Z
1387,10M
1388,3D
1389,4L
1390,1I
1391,1P
1392,3G
1393,10Y
1394,9Y
1395,10A
1396,9M
1397,1O
1398,12P
1399,9H
1400,11S
1401,2X
1402,8L
1403,2O
1404,5Y
1405,10N
1406,12C
1407,3Y
1408,2J
1409,12P
1410,9T
1411,1L
1412,4S
1413,1N
1414,2K
1415,3U
1416,2J
1417,8S
1418,10Y
1419,10D
1420,8B
1421,3U
1422,5I
1423,8B
1424,3A
1425,3W
1426,7W
1427,8N
1428,2J
1429,2F
1430,3Y
1431,7L
1432,12B
1433,12Q
1434,8O
1435,5W
1436,5S
1437,10B
1438,11U
1439,9W
1440,6A
1441,7Q
1442,1A
1443,6X
1444,5I
1445,10T
1446,6E
1447,7Y
1448,8V
1449,2T
1450,6U
1451,8I
1452,8I
1453,7W
1454,1U
1455,6F
1456,8Q
1457,11V
1458,10T
1459,10O
1460,9L
1461,11J
1462,6J
1463,12N
1464,8C
1465,5U
1466,9A
1467,2R
1468,7T
1469,7I
1470,2K
1471,12K
1472,7V
1473,9C
1474,9D
1475,2L
1476,11K
1477,5J
1478,4H
1479,2J
1480,5U
1481,7A
1482,5C
1483,4Q
1484,9L
1485,1L
1486,6N
1487,7P
1488,2S
1489,9X
1490,11L
1491,2F
1492,12I
1493,7K
1494,4G
1495,11H
1496,5G
1497,11V
1498,6Z
1499,10U
1500,8O
1501,3L
1502,10B
1503,7E
1504,12Y
1505,7Y
1506,9S
1507,7F
1508,11J
1509,1J
1510,1A
1511,1G
1512,6U
1513,8L
1514,8N
1515,7M
1516,9N
1517,11H
1518,12I
1519,2A
1520,6F
1521,9W
1522,4A
1523,1D
1524,2X
1525,4I
1526,4A
1527,5N
1528,7V
1529,9Q
1530,9E
1531,8V
1532,8Z
1533,3S
1534,8E
1535,8S
1536,3T
1537,9R
1538,9N
1539,4A
1540,2Z
1541,2B
1542,4U
1543,3C
1544,5R
1545,5G
1546,3H
1547,4S
1548,10X
1549,7Y
1550,7Q
1551,1J
1552,12M
1553,5Y
1554,6S
1555,6D
1556,12I
1557,12L
1558,8B
1559,3Z
1560,9T
1561,10K
1562,11U
1563,5Y
1564,8Y
1565,9V
1566,10G
1567,6H
1568,9N
1569,1D
1570,6K
1571,6X
1572,1I
1573,6E
1574,4Z
1575,10R
1576,9H
1577,7V
1578,9W
1579,4T
1580,6F
1581,5V
1582,6K
1583,7W
1584,7V
1585,6U
1586,5Z
1587,4C
1588,9Z
1589,11R
1590,10H
1591,5T
1592,2X
1593,3F
1594,8L
1595,6J
1596,5D
1597,6V
1598,7I
1599,1D
1600,4L
1601,2M
1602,12A
1603,9D
1604,10F
1605,3Z
1606,11W
1607,3J
1608,9B
1609,9U
1610,12W
1611,2K
1612,6O
1613,12U
1614,8Y
1615,10A
1616,2Q
1617,3D
1618,9Y
1619,1V
1620,12F
1621,7G
1622,10M
1623,7P
1624,11J
1625,1U
1626,7R
1627,5K
1628,10Z
1629,3D
1630,8C
1631,1A
1632,3B
1633,2K
1634,11P
1635,6Y
1636,7R
1637,12N
1638,8A
1639,11D
1640,9Y
1641,2F
1642,6G
1643,1F
1644,3M
1645,8G
1646,12E
1647,1S
1648,3L
1649,4L
1650,8C
1651,11W
1652,11R
1653,7K
1654,3X
1655,2A
1656,11X
1657,3H
1658,6Q
1659,10Q
1660,5A
1661,8K
1662,5L
1663,1K
1664,9B
1665,9V
1666,9Y
1667,11R
1668,7A
1669,6Y
1670,10O
1671,11P
1672,11J
1673,8J
1674,7H
1675,4X
1676,1H
1677,9J
1678,6N
1679,5R
1680,3I
1681,12B
1682,6D
1683,5O
1684,5K
1685,10S
1686,2J
1687,10Q
1688,9J
1689,3X
1690,8G
1691,9I
1692,4J
1693,6Z
1694,3D
1695,10F
1696,3Q
1697,6B
1698,10O
1699,4B
1700,5N
1701,11G
1702,12Z
1703,5E
1704,4J
1705,12F
1706,11T
1707,9N
1708,3X
1709,8I
1710,1P
1711,8C
1712,2T
1713,9F
1714,12A
1715,4Q
1716,10V
1717,1W
1718,12D
1719,12A
1720,3V
1721,8R
1722,11T
1723,12B
1724,2L
1725,9K
1726,7Y
1727,10K
1728,2T
1729,12O
1730,5K
1731,11M
1732,11F
1733,2N
1734,2D
1735,11Y
1736,8A
1737,1U
1738,2B
1739,8D
1740,8L
1741,9E
1742,11P
1743,4S
1744,2O
1745,9J
1746,4Y
1747,5D
1748,5J
1749,5E
1750,9G
1751,8Q
1752,3W
1753,2L
1754,12W
1755,7H
1756,9S
1757,11N
1758,7R
1759,9D
1760,5Y
1761,9R
1762,10T
1763,12F
1764,2A
1765,10M
1766,8Y
1767,2Q
1768,7N
1769,6T
1770,11A
1771,10I
1772,6S
1773,7Z
1774,7X
1775,3X
1776,5G
1777,8A
1778,6N
1779,7Q
1780,4X
1781,4S
1782,1L
1783,9G
1784,11V
1785,3B
1786,8E
1787,6M
1788,1Q
1789,11L
1790,4G
1791,6A
1792,8H
1793,7A
1794,2C
1795,10T
1796,1I
1797,11X
1798,10E
1799,2J
1800,12K
1801,12S
1802,5P
1803,12I
1804,8L
1805,6X
1806,12N
1807,7N
1808,5Y
1809,6D
1810,10J
1811,6M
1812,5A
1813,8M
1814,5G
1815,7Q
1816,9Z
1817,10R
1818,9N
1819,8C
1820,11W
1821,11S
1822,11M
1823,12J
1824,7J
1825,8I
1826,6R
1827,2C
1828,4X
1829,11J
1830,11N
1831,1D
1832,6I
1833,2G
1834,10A
1835,12D
1836,2I
1837,5P
1838,12H
1839,2R
1840,8J
1841,12T
1842,4O
1843,1E
1844,1F
1845,2E
1846,2F
1847,5J
1848,6B
1849,9Z
1850,7W
1851,9K
1852,4M
1853,6H
1854,6Z
1855,11C
1856,2Z
1857,5C
1858,9U
1859,3I
1860,3M
1861,8E
1862,5T
1863,6N
1864,2U
1865,9M
1866,7N
1867,9C
1868,10O
1869,10P
1870,1U
1871,4S
1872,4P
1873,8O
1874,8J
1875,3G
1876,3S
1877,8K
1878,12H
1879,4N
1880,10A
1881,1R
1882,3F
1883,6Q
1884,4P
1885,11H
1886,6F
1887,10D
1888,12L
1889,12Y
1890,3T
1891,6M
1892,5A
1893,8K
1894,3L
1895,6I
1896,12L
1897,4Q
1898,8O
1899,2S
1900,4N
1901,6Z
1902,5V
1903,9O
1904,6E
1905,7L
1906,11D
1907,8J
1908,5R
1909,1F
1910,12J
1911,7L
1912,5Z
1913,4G
1914,8Q
1915,6B
1916,10S
1917,5X
1918,12X
1919,1X
1920,12J
1921,3B
1922,8N
1923,5A
1924,11N
1925,10O
1926,5N
1927,6I
1928,7V
1929,2U
1930,12V
1931,7M
1932,3L
1933,9X
1934,2X
1935,9M
1936,6U
1937,3Y
1938,2Q
1939,2F
1940,9D
1941,7S
1942,4S
1943,4P
1944,2C
1945,8I
1946,2P
1947,11S
1948,1T
1949,1Z
1950,2G
1951,4K
1952,9O
1953,6D
1954,3J
1955,4P
1956,9O
1957,2M
1958,5T
1959,12Q
1960,8D
1961,7Q
1962,8S
1963,7Q
1964,11Q
1965,9C
1966,10K
1967,8X
1968,12E
1969,5Q
1970,9N
1971,12F
1972,1L
1973,4O
1974,7J
1975,4A
1976,6O
1977,6N
1978,11B
1979,6Y
1980,6Z
1981,1E
1982,6U
1983,11T
1984,5L
1985,3J
1986,5T
1987,7Y
1988,8N
1989,1X
1990,5T
1991,1B
1992,5B
1993,8Z
1994,8X
1995,9U
1996,8F
1997,2Z
1998,8L
1999,1F
2000,12K